{
  "accuracy": 0.8890136102146766,
  "classification_report": {
    "0": {
      "precision": 0.9205351530932926,
      "recall": 0.9363412183761074,
      "f1-score": 0.928370913700987,
      "support": 10949.0
    },
    "1": {
      "precision": 0.7763875521334617,
      "recall": 0.7322239031770046,
      "f1-score": 0.7536592961694176,
      "support": 3305.0
    },
    "accuracy": 0.8890136102146766,
    "macro avg": {
      "precision": 0.8484613526133771,
      "recall": 0.834282560776556,
      "f1-score": 0.8410151049352024,
      "support": 14254.0
    },
    "weighted avg": {
      "precision": 0.8871124071151643,
      "recall": 0.8890136102146766,
      "f1-score": 0.887861449975588,
      "support": 14254.0
    }
  },
  "confusion_matrix": {
    "pred 0": {
      "real 0": 10252,
      "real 1": 885
    },
    "pred 1": {
      "real 0": 697,
      "real 1": 2420
    }
  },
  "inference": {
    "total_seconds": 59.14185570000001,
    "per_sample_seconds": 0.004149140992002246,
    "peak_cpu_mb": 8.329751014709473,
    "rss_after_mb": 800.8203125,
    "peak_gpu_mb": 1605.35888671875
  }
}