{
  "accuracy": 0.8435526869650625,
  "classification_report": {
    "0": {
      "precision": 0.9182576993188142,
      "recall": 0.874143757420769,
      "f1-score": 0.8956578701104249,
      "support": 10949.0
    },
    "1": {
      "precision": 0.6403027930044375,
      "recall": 0.7422087745839637,
      "f1-score": 0.6875,
      "support": 3305.0
    },
    "accuracy": 0.8435526869650625,
    "macro avg": {
      "precision": 0.7792802461616258,
      "recall": 0.8081762660023664,
      "f1-score": 0.7915789350552125,
      "support": 14254.0
    },
    "weighted avg": {
      "precision": 0.8538097573117274,
      "recall": 0.8435526869650625,
      "f1-score": 0.8473933997361471,
      "support": 14254.0
    }
  },
  "confusion_matrix": {
    "pred 0": {
      "real 0": 9571,
      "real 1": 852
    },
    "pred 1": {
      "real 0": 1378,
      "real 1": 2453
    }
  },
  "inference": {
    "total_seconds": 1.1758238999999993,
    "per_sample_seconds": 8.24908025817314e-05,
    "peak_cpu_mb": 13.070423126220703,
    "rss_after_mb": 560.43359375,
    "peak_gpu_mb": 0.0
  }
}