{
  "accuracy": 0.8246106356110565,
  "classification_report": {
    "0": {
      "precision": 0.8196262389347053,
      "recall": 0.989405425152982,
      "f1-score": 0.8965488703136638,
      "support": 10949.0
    },
    "1": {
      "precision": 0.8881388621022179,
      "recall": 0.27866868381240545,
      "f1-score": 0.42422846614463383,
      "support": 3305.0
    },
    "accuracy": 0.8246106356110565,
    "macro avg": {
      "precision": 0.8538825505184616,
      "recall": 0.6340370544826938,
      "f1-score": 0.6603886682291489,
      "support": 14254.0
    },
    "weighted avg": {
      "precision": 0.8355119004731246,
      "recall": 0.8246106356110565,
      "f1-score": 0.7870344227355353,
      "support": 14254.0
    }
  },
  "confusion_matrix": {
    "pred 0": {
      "real 0": 10833,
      "real 1": 2384
    },
    "pred 1": {
      "real 0": 116,
      "real 1": 921
    }
  },
  "inference": {
    "total_seconds": 1.1831502,
    "per_sample_seconds": 8.300478462186053e-05,
    "peak_cpu_mb": 13.068583488464355,
    "rss_after_mb": 557.66015625,
    "peak_gpu_mb": 0.0
  }
}