{
  "accuracy": 0.8521116879472429,
  "classification_report": {
    "0": {
      "precision": 0.9125524965002333,
      "recall": 0.8930495935701891,
      "f1-score": 0.9026957163958641,
      "support": 10949.0
    },
    "1": {
      "precision": 0.6691155693698785,
      "recall": 0.7164901664145235,
      "f1-score": 0.6919929865575687,
      "support": 3305.0
    },
    "accuracy": 0.8521116879472429,
    "macro avg": {
      "precision": 0.7908340329350558,
      "recall": 0.8047698799923563,
      "f1-score": 0.7973443514767165,
      "support": 14254.0
    },
    "weighted avg": {
      "precision": 0.8561080567523854,
      "recall": 0.8521116879472429,
      "f1-score": 0.8538411827831542,
      "support": 14254.0
    }
  },
  "confusion_matrix": {
    "pred 0": {
      "real 0": 9778,
      "real 1": 937
    },
    "pred 1": {
      "real 0": 1171,
      "real 1": 2368
    }
  },
  "inference": {
    "total_seconds": 1.2466501999999995,
    "per_sample_seconds": 8.745967447733965e-05,
    "peak_cpu_mb": 13.067219734191895,
    "rss_after_mb": 560.87890625,
    "peak_gpu_mb": 0.0
  }
}